Book Id,Title,Author,Author l-f,Additional Authors,ISBN,ISBN13,My Rating,Average Rating,Publisher,Binding,Number of Pages,Year Published,Original Publication Year,Date Read,Date Added,Bookshelves,Bookshelves with positions,Exclusive Shelf,My Review,Spoiler,Private Notes,Read Count,Owned Copies
30257963,12 Rules for Life: An Antidote to Chaos,Jordan B. Peterson,"Peterson, Jordan B.",,"=""0345816021""","=""9780345816023""",0,3.93,Random House Canada,Hardcover,409,2018,2018,2023/07/17,2022/10/05,,,read,,,,1,0
25254413,Angst / Amok (German Edition),Stefan Zweig,"Zweig, Stefan",,"=""""","=""""",0,3.93,BookRix,Kindle Edition,52,2019,,,2017/07/17,,,read,,,,1,0
444555,Siddhartha,Hermann Hesse,"Hesse, Hermann",Massimo Mila,"=""884590184X""","=""9788845901843""",5,4.06,Adelphi,Paperback,156,1985,1922,2016/02/26,2016/02/26,,,read,,,,1,0
323141,L'enracinement,Simone Weil,"Weil, Simone",,"=""2070325636""","=""9782070325634""",0,4.03,Gallimard ,Pocket Book,384,1990,1949,,2021/12/19,2021,2021 (#13),read,,,,0,0
2352901,Cette lumière en nous : La vraie méditation,J. Krishnamurti,"Krishnamurti, J.",Colette Joyeux,"=""2253153877""","=""9782253153870""",0,4.37,Stock,Mass Market Paperback,183,2002,,,2021/12/19,2021,2021 (#12),read,,,,0,0
10608888,A Contribution to the Critique of Political Economy,Karl Marx,"Marx, Karl",,"=""""","=""2940023847726""",0,4.06,Charles H. Kerr,Nook,0,,1859,,2021/12/19,2021,2021 (#11),read,,,,0,0
1415049,Trois essais sur la théorie sexuelle,Sigmund Freud,"Freud, Sigmund",,"=""""","=""""",0,3.66,FOLIO,Mass Market Paperback,196,1989,1905,,2021/12/19,2021,2021 (#10),read,,,,0,0
16619,Democracy in America,Alexis de Tocqueville,"Tocqueville, Alexis de","Isaac Kramnick, Gerald Bevan","=""0140447601""","=""9780140447606""",0,4.04,Penguin Classics,Paperback,983,2003,1835,,2021/12/19,2021,2021 (#9),read,,,,0,0
16902,Walden,Henry David Thoreau,"Thoreau, Henry David",Bill McKibben,"=""""","=""""",0,3.78,Princeton University Press,Paperback,352,2004,1854,,2021/12/19,2021,2021 (#8),read,,,,0,0
18736925,Capital in the Twenty First Century,Thomas Piketty,"Piketty, Thomas",Arthur Goldhammer,"=""067443000X""","=""9780674430006""",0,4.05,Belknap Press: An Imprint of Harvard University Press,Hardcover,685,2014,2013,,2021/12/19,2021,2021 (#7),read,,,,0,0
504760,Mémoires d'une jeune fille rangée,Simone de Beauvoir,"Beauvoir, Simone de",,"=""207036786X""","=""9782070367863""",0,4.12,Folio,Mass Market Paperback,503,1972,1958,,2021/12/19,2021,2021 (#6),read,,,,0,0
43877,The Monk Who Sold His Ferrari: A Fable About Fulfilling Your Dreams and Reaching Your Destiny,Robin S. Sharma,"Sharma, Robin S.",,"=""0062515675""","=""9780062515674""",0,3.89,HarperOne,Paperback,208,1999,1996,,2021/12/19,2021,2021 (#5),read,,,,0,0
57998224,The Fate of Man in the Modern World,Nicolas Berdyaev,"Berdyaev, Nicolas",,"=""1773237950""","=""9781773237954""",0,3.00,Must Have Books,Paperback,132,2021,,,2021/12/19,2021,2021 (#4),read,,,,0,0
19358710,Karl Marx's Capital,Karl Marx,"Marx, Karl","Leon Trotsky, Otto Rühle","=""""","=""""",0,3.88,SAV,Kindle Edition,152,2012,1867,,2021/12/19,2021,2021 (#3),read,,,,0,0
30474,The Communist Manifesto,Karl Marx,"Marx, Karl","Friedrich Engels, Leon Trotsky, Samuel Moore, Erkin Özalp, Amanda Lee, Antonio Carlos Braga, Aldrin Alexander Evies, Oqtay Eloğlu","=""0140447571""","=""9780140447576""",3,3.64,Penguin Books,Paperback,288,2002,1848,,2016/01/17,2021,2021 (#2),read,,,,1,0
581526,In My Own Way: An Autobiography,Alan Watts,"Watts, Alan",,"=""1577315847""","=""9781577315841""",0,4.20,New World Library,Paperback,384,2007,1972,,2021/12/19,2021,2021 (#1),read,,,,1,0
1754466,"Le Crépuscule des idoles, suivi de Le cas Wagner",Friedrich Nietzsche,"Nietzsche, Friedrich",Henri Albert,"=""2080704214""","=""9782080704214""",0,3.79,GF Flammarion,Paperback,250,1993,,,2016/09/23,,,read,,,,1,0
857256,L'Illusion Comique,Pierre Corneille,"Corneille, Pierre",,"=""""","=""9782035867919""",0,3.46,Larousse,Paperback,173,2006,1636,2020/03/29,2019/05/03,,,read,,,,1,0
1805693,Les Raisins de la colère,John Steinbeck,"Steinbeck, John",Steinbeck,"=""2070360830""","=""9782070360833""",0,4.00,Gallimard,Mass Market Paperback,640,1972,1939,2020/03/29,2019/02/23,,,read,,,,1,0
289382,L'Ingénu,Voltaire,"Voltaire, Voltaire",,"=""2038715548""","=""9782038715545""",5,3.53,Editions Larousse,Mass Market Paperback,199,1995,1767,,2016/01/17,,,read,,,,1,0
29616984,Discours sur les sciences et les arts Question proposée par l’Académie : “Si le rétablissement des sciences et des arts a contribué à épurer les mœurs.,Jean-Jacques Rousseau,"Rousseau, Jean-Jacques",,"=""""","=""""",0,3.54,,Kindle Edition,164,2012,1750,2017/08/13,2017/08/10,,,read,,,,1,0
385185,Le Silence de la mer,Vercors,"Vercors, Vercors",,"=""2253003107""","=""9782253003106""",5,3.87,Le Livre de Poche,Mass Market Paperback,189,2000,1942,2019/05/03,2019/03/24,,,read,,,,1,0
1393712,Le Joueur d'échecs,Stefan Zweig,"Zweig, Stefan","Brigitte Vergne-Cain, Gérard Rudent","=""""","=""""",5,4.28,Le Livre de Poche,Paperback,128,2013,1943,2019/03/24,2019/03/24,,,read,,,,1,0
23080,Le Nom de la rose,Umberto Eco,"Eco, Umberto",Jean-Noël Schifano,"=""2253033138""","=""9782253033134""",0,4.13,Le Livre de Poche,Mass Market Paperback,535,1983,1980,2019/02/23,2019/02/23,,,read,,,,1,0
3299600,La bâtarde d'Istanbul,Elif Shafak,"Shafak, Elif","Aline Azoulay-Pacvon, Amin Maalouf","=""2264047402""","=""9782264047403""",0,3.87,10/18,Mass Market Paperback,378,2008,2006,2019/02/23,2018/06/07,,,read,,,,1,0
8431507,"Al-Hallaj, martyr mystique de l'Islam",Louis Massignon,"Massignon, Louis",,"=""1113787554""","=""9781113787552""",5,4.80,BiblioLife,Paperback,632,2009,,2016/12/09,2016/12/25,,,read,,,,1,0
28948926,L'Art de la Guerre,Niccolò Machiavelli,"Machiavelli, Niccolò","Toussaint Guiraudet, Monique Labrune","=""2081358786""","=""""",0,4.06,Flammarion,Kindle Edition,278,2015,1521,2016/10/02,2016/10/01,,,read,,,,1,0
10959,Sophie's World,Jostein Gaarder,"Gaarder, Jostein",Paulette Møller,"=""1857993284""","=""9781857993288""",3,3.96,Phoenix,Paperback,403,1995,1991,2018/10/27,2015/10/22,,,read,,,,2,0
417466,La Symphonie pastorale,André Gide,"Gide, André",Gallimard,"=""""","=""""",0,3.63,Gallimard,Mass Market Paperback,150,1972,1919,2018/10/27,2018/10/27,,,read,,,,1,0
665852,Man's Search for Himself,Rollo May,"May, Rollo",,"=""0285621378""","=""9780285621374""",5,4.22,Souvenir Press Ltd ,Paperback,284,1982,1953,2018/07/24,2018/07/19,,,read,,,,1,0
646141,The Courage to Create,Rollo May,"May, Rollo",,"=""0393311066""","=""9780393311068""",5,4.09,W. W. Norton & Company,Paperback,144,1994,1975,2018/07/24,2018/07/19,,,read,,,,1,0
514210,The Way of Zen,Alan W. Watts,"Watts, Alan W.",,"=""0375705104""","=""9780375705106""",5,4.17,Vintage,Paperback,236,1999,1957,2018/07/24,2018/07/24,,,read,,,,1,0
28814918,Walk Through Walls: A Memoir,Marina Abramović,"Abramović, Marina",,"=""1101905042""","=""9781101905043""",0,4.56,Crown Archetype,Hardcover,384,2016,2016,2018/07/19,2018/07/19,,,read,,,,1,0
25842292,"Memoirs; or, Diary of a Madman",Nikolai Gogol,"Gogol, Nikolai",,"=""""","=""""",5,3.85,Read & Co. Classics,Kindle Edition,43,2014,1835,2016/02/14,2016/02/02,,,read,,,,1,0
19483652,Le scarabée d'or,Edgar Allan Poe,"Poe, Edgar Allan",,"=""""","=""""",0,3.60,,Kindle Edition,76,2011,1843,2018/06/07,2018/06/03,,,read,,,,1,0
17184,The Invisible Man,H.G. Wells,"Wells, H.G.","Daniel Philpott, Дмитро Паламарчук, Микола Іванов, Герберт Велз","=""0451528522""","=""9780451528520""",0,3.64,New American Library/Penguin Books,Mass Market Paperback,192,2002,1897,2018/06/03,2018/06/03,,,read,,,,1,0
9470866,Défense Des Droits De La Femme,Wollstonecraft Mary,"Mary, Wollstonecraft",,"=""2228899496""","=""9782228899499""",0,3.90,PAYOT,Paperback,290,2005,1792,2018/05/16,2018/05/16,,,read,,,,1,0
122372,Les Thanatonautes,Bernard Werber,"Werber, Bernard",,"=""225313922X""","=""9782253139225""",0,4.06,Le Livre de Poche,Mass Market Paperback,502,1996,1994,2018/05/16,2018/05/16,,,read,,,,1,0
2831479,L'archéologie du savoir,Michel Foucault,"Foucault, Michel",,"=""2070119874""","=""9782070119875""",0,4.12,GALLIMARD,Paperback,294,2008,1969,2018/04/22,2018/04/22,,,read,,,,1,0
30231806,"Goodbye, Things: The New Japanese Minimalism",Fumio Sasaki,"Sasaki, Fumio",,"=""0393609030""","=""9780393609035""",0,3.80,W. W. Norton & Company,Hardcover,259,2017,2015,2018/04/12,2018/04/12,,,read,,,,1,0
1432293,Le Zéro et l'infini,Koestler,"Koestler, Koestler",Jérôme Jenatton,"=""2253003417""","=""9782253003410""",0,4.11,Distribooks Inc,Pocket Book,318,1974,1940,2018/03/28,2018/03/28,,,read,,,,1,0
26174143,Je parle aux murs,Jacques Lacan,"Lacan, Jacques",,"=""""","=""""",0,3.87,Editions du Seuil,Paperback,113,2011,2011,2017/11/06,2017/11/06,,,read,,,,2,0
11275,The Wind-Up Bird Chronicle,Haruki Murakami,"Murakami, Haruki",Jay Rubin,"=""0965341984""","=""9780965341981""",0,4.15,Knopf,Paperback,607,1997,1994,2018/03/12,2018/03/12,,,read,,,,1,0
10749661,Benjamin Franklin's The Way to Wealth: A 52 brilliant ideas interpretation,Steve Shipside,"Shipside, Steve",,"=""1904902847""","=""9781904902843""",0,3.08,Infinite Ideas,Paperback,118,2008,2008,2016/10/04,2016/10/04,,,read,,,,1,0
13560038,Le principe de raison,Martin Heidegger,"Heidegger, Martin",André Préau,"=""2070203689""","=""9782070203680""",0,3.96,Gallimard,Paperback,270,1983,,2018/01/09,2018/01/09,,,read,,,,1,0
37328,The Consumer Society: Myths and Structures,Jean Baudrillard,"Baudrillard, Jean",,"=""0761956921""","=""9780761956921""",0,4.11,SAGE Publications Ltd.,Paperback,224,1998,1970,2018/01/05,2018/01/05,,,read,,,,1,0
1929511,Du côté de chez Swann,Marcel Proust,"Proust, Marcel",,"=""273762679X""","=""9782737626791""",5,4.14,Futuropolis,Paperback,188,1990,1913,2016/09/27,2016/09/27,,,read,,,,1,0
11910905,The Charisma Myth: How Anyone Can Master the Art and Science of Personal Magnetism,Olivia Fox Cabane,"Cabane, Olivia Fox",,"=""1591844568""","=""9781591844563""",1,3.92,Portfolio,Hardcover,264,2012,2012,2017/12/28,2017/12/28,,,read,,,,1,0
971726,Huis clos,Jean-Paul Sartre,"Sartre, Jean-Paul",,"=""0134446798""","=""9780134446790""",0,4.12,Pearson,Paperback,91,1962,1944,2017/12/12,2017/12/12,,,read,,,,1,0
1112308,Talks with American Students,J. Krishnamurti,"Krishnamurti, J.",,"=""1570626588""","=""9781570626586""",0,4.03,Shambhala,Paperback,184,2001,1988,2017/12/11,2017/12/11,,,read,,,,1,0
632416,Le Meilleur des mondes,Aldous Huxley,"Huxley, Aldous",Jules Castier,"=""2266128566""","=""9782266128568""",0,3.99,Pocket,Mass Market Paperback,285,2002,1932,2017/12/11,2017/10/12,,,read,,,,1,0
9717,The Unbearable Lightness of Being,Milan Kundera,"Kundera, Milan","Michael Henry Heim, Richmond Hoxie","=""0571224385""","=""9780571224388""",0,4.11,Harper Perennial,Paperback,314,2009,1984,2017/11/21,2017/11/21,,,read,,,,1,0
1520312,La société de consommation,Jean Baudrillard,"Baudrillard, Jean",J.P. Mayer,"=""""","=""""",0,4.11,Gallimard,Mass Market Paperback,318,1986,1970,2017/11/21,2017/05/22,,,read,,,,1,0
36417323,Stardust,Rania Attafi,"Attafi, Rania",,"=""""","=""""",0,4.09,Pop Libris,Paperback,80,2017,2017,,2017/11/06,to-read,to-read (#1),to-read,,,,0,0
31555189,Chanson douce,Leïla Slimani,"Slimani, Leïla",,"=""207268157X""","=""""",0,3.39,Gallimard,Kindle Edition,195,2016,2016,2017/10/12,2017/08/19,,,read,,,,1,0
175008,Rigadoon,Louis-Ferdinand Céline,"Céline, Louis-Ferdinand","Ralph Manheim, Kurt Vonnegut Jr.","=""1564781623""","=""9781564781628""",0,3.94,Dalkey Archive Press,Paperback,273,1997,1969,2017/09/27,2017/09/18,,,read,,,,1,0
1660986,La crise de la culture,Hannah Arendt,"Arendt, Hannah",Patrick Levy,"=""2070325032""","=""9782070325030""",0,4.13,Gallimard,Paperback,380,1989,1961,2017/09/18,2017/08/13,,,read,,,,1,0
476988,L'Envers et l'endroit,Albert Camus,"Camus, Albert",,"=""""","=""""",0,3.77,Gallimard,Mass Market Paperback,119,2016,1937,2017/08/08,2017/08/08,,,read,,,,1,0
2352898,La Révolution du silence,J. Krishnamurti,"Krishnamurti, J.","Mary Lutyens, Carlo Suarès","=""2253138789""","=""9782253138785""",0,4.20,Stock,Mass Market Paperback,221,2002,1970,2017/07/17,2017/07/04,,,read,,,,1,0
6295,Howl and Other Poems,Allen Ginsberg,"Ginsberg, Allen",,"=""0872863107""","=""9780872863101""",3,4.13,City Lights,Hardcover,56,2001,1956,2017/07/09,2017/07/09,,,read,,,,1,0
4671,The Great Gatsby,F. Scott Fitzgerald,"Fitzgerald, F. Scott",,"=""""","=""""",0,3.93,Scribner,Paperback,180,1925,1925,2017/07/04,2017/05/19,,,read,,,,1,0
896535,L'exil et le royaume,Albert Camus,"Camus, Albert",,"=""2070360784""","=""9782070360789""",0,3.86,Gallimard,Pocket Book,187,2018,1957,2017/05/28,2017/03/29,,,read,,,,1,0
437771,Inner Experience,Georges Bataille,"Bataille, Georges",Leslie Anne Boldt-Irons,"=""0887066356""","=""9780887066351""",0,4.16,SUNY Press,Paperback,244,1988,1943,2017/05/19,2017/04/08,,,read,,,,1,0
117546,Sur les cimes du désespoir,Emil M. Cioran,"Cioran, Emil M.",,"=""2253057819""","=""9782253057819""",0,4.17,Le Livre de Poche,Mass Market Paperback,128,1991,1933,2017/03/29,2017/02/28,,,read,,,,1,0
139246,S/Z: An Essay,Roland Barthes,"Barthes, Roland","Richard Miller, Richard Howard","=""0374521670""","=""9780374521677""",0,4.00,Hill and Wang,Paperback,271,1975,1970,2017/03/29,2016/10/16,,,read,,,,1,0
135460,My Mother/Madame Edwarda/The Dead Man,Georges Bataille,"Bataille, Georges",,"=""0714530042""","=""9780714530048""",0,3.90,Marion Boyars Publishers Ltd,Paperback,224,2000,1966,2017/02/28,2017/02/28,,,read,,,,2,0
783798,Histoire de l'œil,Georges Bataille,"Bataille, Georges",,"=""2070728501""","=""9782070728503""",0,3.66,Editions Gallimard,Paperback,140,1993,1928,2017/02/28,2017/02/06,,,read,,,,1,0
25904039,Le Crépuscule des idoles Ou Comment on philosophe avec un marteau,Friedrich Nietzsche,"Nietzsche, Friedrich",Henri Albert,"=""""","=""""",5,3.95,,Kindle Edition,93,2015,1889,2016/09/23,2016/09/23,,,read,,,,1,0
32300391,Jacques le fataliste (French Edition),Denis Diderot,"Diderot, Denis",Yasmira Cedeno,"=""1537780417""","=""9781537780412""",0,3.81,CreateSpace Independent Publishing Platform,Paperback,204,2016,1796,2017/02/06,2017/01/01,,,read,,,,1,0
864055,L'Arrêt de mort,Maurice Blanchot,"Blanchot, Maurice",,"=""2070296997""","=""9782070296996""",0,3.72,Gallimard,Pocket Book,140,1977,1948,2017/02/06,2017/01/28,,,read,,,,1,0
30343316,Phédon (French Edition),Plato,"Plato, Plato",,"=""""","=""""",0,4.06,Culture commune,Kindle Edition,80,2013,-380,2016/06/26,2016/06/26,,,read,,,,1,0
15688,L'Étranger,Albert Camus,"Camus, Albert",,"=""2070360024""","=""9782070360024""",0,4.02,Gallimard,Mass Market Paperback,184,2000,1942,2017/01/12,2017/01/08,,,read,,,,1,0
51877,Capitalism and Freedom,Milton Friedman,"Friedman, Milton",,"=""0226264211""","=""9780226264219""",0,3.91,University of Chicago Press,Paperback,208,2002,1962,2017/01/08,2016/09/23,,,read,,,,1,0
13377622,"Soufi, mon amour",Elif Shafak,"Shafak, Elif",Dominique Letellier,"=""2264054069""","=""9782264054067""",5,4.13,10/18,Mass Market Paperback,480,2011,2009,2016/12/24,2016/11/19,,,read,,,,1,0
26744545,Lettres Persanes,Montesquieu,"Montesquieu, Montesquieu",,"=""1297957466""","=""9781297957468""",5,3.65,Sagwan Press,Hardcover,318,2015,1721,,2016/01/24,,,read,,,,1,0
8585677,LE TRAITE DES TROIS IMPOSTEURS: Histoire d’un livre blasphématoire qui n’existait pas,Georges Minois,"Minois, Georges",,"=""2226183124""","=""9782226183125""",0,2.82,Albin Michel,Paperback,327,2009,2009,2016/12/18,2016/12/18,,,read,,,,1,0
1680079,Le Portrait de Dorian Gray,Oscar Wilde,"Wilde, Oscar","Vladimir Volkoff, Jean-Pierre Naugrette","=""2253002887""","=""9782253002888""",4,4.12,Le Livre de Poche,Mass Market Paperback,277,2001,1890,2016/11/19,2016/09/28,,,read,,,,1,0
51787,The Basic Writings of Bertrand Russell,Bertrand Russell,"Russell, Bertrand","Lester E. Denonn, Robert E. Egner","=""041508301X""","=""9780415083010""",5,4.37,Routledge,Paperback,744,2001,1959,2016/10/14,2016/10/05,,,read,,,,1,0
381166,La Monadología,Gottfried Wilhelm Leibniz,"Leibniz, Gottfried Wilhelm",,"=""9871139667""","=""9789871139668""",0,3.87,Quadrata,Paperback,30,2005,1714,2016/10/05,2016/10/05,,,read,,,,1,0
10957434,L'auto Analyse,Karen Horney,"Horney, Karen",,"=""2234009375""","=""9782234009370""",0,4.08,Stock,,247,1978,1942,2016/10/03,2016/09/23,,,read,,,,1,0
24652028,Les Confessions,Augustine of Hippo,"Hippo, Augustine of",Louis Moreau,"=""""","=""""",3,3.95,Editions la Bibliothèque Digitale,Kindle Edition,217,2013,378,,2016/01/24,,,read,,,,1,0
1424502,Les Carnets du sous-sol,Fyodor Dostoevsky,"Dostoevsky, Fyodor",André Markowicz,"=""""","=""""",5,4.18,Babel,Mass Market Paperback,192,2011,1864,2016/09/17,2016/09/03,,,read,,,,1,0
837812,Andromaque,Jean Racine,"Racine, Jean",,"=""2070409023""","=""9782070409020""",5,3.70,Folio,Mass Market Paperback,175,1999,1667,2016/09/08,2016/08/20,,,read,,,,1,0
15714,Le mythe de Sisyphe,Albert Camus,"Camus, Albert",,"=""""","=""""",5,4.18,Gallimard,Mass Market Paperback,187,1985,1942,2016/09/03,2016/08/27,,,read,,,,1,0
323157,La Pesanteur et la Grâce,Simone Weil,"Weil, Simone",,"=""2266045962""","=""9782266045964""",5,4.29,Pocket,Paperback,275,1991,1947,2016/08/17,2016/08/01,,,read,,,,1,0
12075,Tractatus Logico-Philosophicus,Ludwig Wittgenstein,"Wittgenstein, Ludwig","David Pears, Brian McGuinness, Bertrand Russell","=""0415254086""","=""9780415254083""",5,4.09,Routledge Classics,Paperback,142,2001,1921,2016/08/01,2016/07/23,,,read,,,,1,0
435817,The Protestant Ethic and the Spirit of Capitalism (Routledge Classics),Max Weber,"Weber, Max","Talcott Parsons, Anthony Giddens","=""041525406X""","=""9780415254069""",5,3.91,Routledge,Paperback,272,2001,1904,2016/07/23,2016/07/11,,,read,,,,1,0
1526478,Le temps des erreurs,Mohamed Choukri,"Choukri, Mohamed",,"=""2020789892""","=""9782020789899""",1,3.55,Contemporary French Fiction,Paperback,,2005,1992,2016/07/23,2016/06/21,,,read,,,,1,0
7070690,Lettre à D'Alembert (Poche),Jean-Jacques Rousseau,"Rousseau, Jean-Jacques",,"=""2080711652""","=""9782080711656""",3,2.89,GF - Flammarion,Mass Market Paperback,240,2003,,2016/07/05,2016/06/26,,,read,,,,1,0
627994,Cyberia: Life in the Trenches of Cyberspace,Douglas Rushkoff,"Rushkoff, Douglas",,"=""1903083249""","=""9781903083246""",5,3.79,Clinamen Press Ltd.,Paperback,272,2002,1993,2016/07/02,2016/06/08,,,read,,,,1,0
8852,Macbeth,William Shakespeare,"Shakespeare, William","Barbara A. Mowat, Paul Werstine","=""0743477103""","=""9780743477109""",0,3.90,Simon & Schuster,Mass Market Paperback,249,2013,1623,2016/06/12,2016/06/12,,,read,,,,1,0
1156110,Micromegas,Voltaire,"Voltaire, Voltaire",Theo Cuff,"=""0140389024""","=""9780140389029""",3,3.67,Penguin Classics,Mass Market Paperback,38,1995,1752,2016/06/11,2016/06/11,,,read,,,,1,0
54270,Mein Kampf,Adolf Hitler,"Hitler, Adolf","Ralph Manheim, Serpil Yener","=""0395083621""","=""9780395083628""",5,3.18,Houghton Mifflin Company,Paperback,384,1973,1925,,2016/06/10,,,read,,,,1,0
6136932,L'avenir d'une illusion,Sigmund Freud,"Freud, Sigmund","Jacques André, Anne Balseinte, Jean-Gilbert Delarbre, Daniel Hartmann","=""2130547028""","=""9782130547020""",0,3.77,Presses Universitaires de France (PUF),Paperback,64,,1927,2016/06/06,2016/05/21,,,read,,,,1,0
16009558,Ecrits philosophiques,Karl Marx,"Marx, Karl",,"=""2081264315""","=""9782081264311""",0,4.11,Flammarion,Paperback,426,2011,1841,2016/05/18,2016/04/17,,,read,,,,1,0
21806023,Au-delà du principe de plaisir,Sigmund Freud,"Freud, Sigmund","Janine Altounian, André Bourguignon, Pierre Cotet, Alain Rauzy, Jean Laplanche","=""2130624324""","=""9782130624325""",3,3.72,Presses universitaires de France,Paperback,92,2013,1920,2016/05/14,2016/04/23,,,read,,,,1,0
24748088,Les Fleurs du Mal,Charles Baudelaire,"Baudelaire, Charles",,"=""2081279037""","=""9782081279032""",0,4.21,Flammarion,Pocket Book,370,2012,1857,2016/04/16,2016/02/28,,,read,,,,1,0
4934,The Brothers Karamazov,Fyodor Dostoevsky,"Dostoevsky, Fyodor","Richard Pevear, Larissa Volokhonsky, Borut Kraševec, Ива Николова","=""""","=""""",0,4.36,"Farrar, Straus and Giroux",Paperback,796,2002,1880,2016/04/14,2016/01/10,,,read,,,,1,0
148489,The Essence of Religion (Great Books in Philosophy),Ludwig Feuerbach,"Feuerbach, Ludwig",Alexander Loos,"=""1591022134""","=""9781591022138""",5,3.67,Prometheus,Paperback,88,2004,1845,2016/04/11,2016/04/07,,,read,,,,1,0
193988,La Métamorphose,Franz Kafka,"Kafka, Franz",Claude David,"=""207041437X""","=""9782070414376""",0,3.85,Folio,Mass Market Paperback,144,2000,1915,2016/04/10,2016/04/10,,,read,,,,1,0
239154,Les Justes,Albert Camus,"Camus, Albert",,"=""""","=""""",5,4.02,Folio,Mass Market Paperback,152,1999,1949,2016/04/08,2016/04/08,,,read,,,,1,0
12091888,سيكولوجية الجماهير,Gustave Le Bon,"Bon, Gustave Le","هاشم صالح, Hofman L. K., Ullrich Z.","=""""","=""9781855168152""",5,3.84,دار الساقي,Paperback,200,2011,1895,2016/04/07,2016/04/07,,,read,,,,1,0
24976930,Le Portrait,Nikolai Gogol,"Gogol, Nikolai",,"=""""","=""""",5,4.03,Editions la Bibliothèque Digitale,Kindle Edition,42,2013,1835,2016/03/30,2016/02/24,,,read,,,,1,0
257213,Le Bourgeois Gentilhomme,Molière,"Molière, Molière",Dietmar Fricke,"=""2038716617""","=""9782038716610""",0,3.73,Larousse,Mass Market Paperback,240,2003,1670,2016/03/06,2016/03/06,,,read,,,,1,0
774027,La Chute,Albert Camus,"Camus, Albert",,"=""2070360105""","=""9782070360109""",5,4.04,Gallimard,Mass Market Paperback,160,1972,1956,2016/02/27,2016/02/24,,,read,,,,1,0
814766,Nevsky Prospect,Nikolai Gogol,"Gogol, Nikolai","D.M. Pursglove, Colin Johnson","=""1853993484""","=""9781853993480""",5,3.86,Bristol Classical Press,Paperback,96,1998,1835,2016/02/24,2016/02/24,,,read,,,,1,0
449407,Pensées,Blaise Pascal,"Pascal, Blaise","T.S. Eliot, A.J. Krailsheimer, George Iancu Ghidu","=""0140446451""","=""""",3,3.94,Penguin Classics,Paperback,334,1995,1670,2016/02/24,2016/02/16,,,read,,,,1,0
13540186,Le Nez,Nikolai Gogol,"Gogol, Nikolai",,"=""2842053001""","=""9782842053000""",5,3.68,Mille et une nuits,Mass Market Paperback,69,1998,1836,2016/02/17,2016/02/14,,,read,,,,1,0
159964,The Dhammapada,Anonymous,"Anonymous, Anonymous","Thich Nhat Hanh, Ananda Maitreya, Viggo Fausbll","=""0938077872""","=""9780938077879""",3,4.27,Parallax Press,Paperback,114,2001,-400,2016/02/14,2016/02/14,,,read,,,,1,0
7110483,Kapital Manga Cilt:1,Karl Marx,"Marx, Karl",Hüseyin Can Erkin,"=""""","=""9789944122917""",4,3.76,Yordam Kitap,Paperback,191,2009,,,2016/01/17,,,read,,,,1,0
13501065,Novum Organum / Nova Atlântida,Francis Bacon,"Bacon, Francis",,"=""8513008494""","=""""",5,3.78,Nova Cultural,Hardcover,256,1999,1620,2016/02/09,2016/02/02,,,read,,,,1,0
2276288,A Discipline of Programming,Edsger W. Dijkstra,"Dijkstra, Edsger W.",,"=""013215871X""","=""9780132158718""",5,4.24,Pearson,Paperback,217,1976,1976,,2016/02/07,,,read,,,,1,0
13648824,الايديولوجيا واليوتوبيا: مقدمة في سوسيولوجيا المعرفة,Karl Mannheim,"Mannheim, Karl",محمد رجا الديريني,"=""""","=""""",5,3.93,شركة المكتبات الكويتية,Paperback,351,1980,1929,2016/02/05,2016/01/11,,,read,,,,1,0
50276,The Devil,Leo Tolstoy,"Tolstoy, Leo",,"=""1419159097""","=""9781419159091""",5,3.72,"Kessinger Publishing, LLC",Paperback,56,2004,1911,2016/02/01,2016/02/01,,,read,,,,1,0
537094,The Overcoat,Nikolai Gogol,"Gogol, Nikolai",,"=""1419176528""","=""9781419176524""",5,4.15,Kessinger Pub Co,Paperback,57,2004,1842,2016/02/01,2016/02/01,,,read,,,,1,0
43255,Not Without My Daughter,Betty Mahmoody,"Mahmoody, Betty",,"=""0552152161""","=""9780552152167""",5,4.15,Transworld Publishers Ltd,Paperback,528,2004,1987,,2016/01/24,,,read,,,,1,0
18586609,Les prisons,Jean Favard,"Favard, Jean",,"=""2080352156""","=""9782080352156""",3,3.00,Flammarion,Paperback,126,1994,1994,,2016/01/24,,,read,,,,1,0
1765157,Civilisation,Georges Duhamel,"Duhamel, Georges",,"=""2715218419""","=""9782715218413""",5,3.88,MERCURE DE FRAN,Paperback,256,1993,1918,,2016/01/24,,,read,,,,1,0
212934,Les Identités meurtrières,Amin Maalouf,"Maalouf, Amin",Maalouf,"=""2253150053""","=""9782253150053""",2,3.90,Livre de Poche,Pocket Book,189,2001,1998,,2016/01/24,,,read,,,,1,0
1816857,Toute l'histoire du monde,Jean-Claude Barreau,"Barreau, Jean-Claude",Guillaume Bigot,"=""2253118605""","=""9782253118602""",5,3.21,Livre De Poche,Mass Market Paperback,412,2007,2005,,2016/01/24,,,read,,,,1,0
572460,Les Mots,Jean-Paul Sartre,"Sartre, Jean-Paul",,"=""2070366073""","=""9782070366071""",5,3.75,Folio,Paperback,224,1972,1964,,2016/01/24,,,read,,,,1,0
1344,Plato's Phaedrus: A Defense of a Philosophic Art of Writing,Ronna Burger,"Burger, Ronna",,"=""0817300147""","=""9780817300142""",3,2.50,Univ of Alabama Pr,Hardcover,187,1980,1980,,2016/01/24,,,read,,,,1,0
480166,The Search After Truth,Nicolas Malebranche,"Malebranche, Nicolas","Thomas M. Lennon, Paul J. Olscamp","=""0521589959""","=""9780521589956""",3,3.06,Cambridge University Press,Paperback,824,1997,1675,,2016/01/24,,,read,,,,1,0
1380085,Le repos du guerrier,Christiane Rochefort,"Rochefort, Christiane",,"=""225301026X""","=""9782253010265""",5,3.55,Librairie Générale Française,Mass Market Paperback,286,1992,1958,,2016/01/24,,,read,,,,1,0
52828,Don Juan,Molière,"Molière, Molière",Richard Wilbur,"=""015601310X""","=""9780156013109""",4,3.58,Ecco,Paperback,146,2001,1665,,2016/01/24,,,read,,,,1,0
2710328,Le Procès De Franz Kafka,Jean-Claude Götting,"Götting, Jean-Claude","Franz Kafka, Alexandre Vialatte, Claude David","=""2737627443""","=""9782737627446""",4,3.96,FUTURO GALLI,Hardcover,192,1992,1925,2016/01/24,2016/01/10,,,read,,,,1,0
1838025,Traité d'athéologie: Physique de la métaphysique,Michel Onfray,"Onfray, Michel",,"=""2253115576""","=""9782253115571""",1,3.78,Livre de Poche,Mass Market Paperback,320,2006,2005,,2016/01/17,,,read,,,,1,0
1165783,Elementary Principles of Philosophy,Georges Politzer,"Politzer, Georges",جهانگیر افکاری,"=""0717804690""","=""9780717804696""",5,3.81,International Publishers,Paperback,171,1976,1954,,2016/01/17,,,read,,,,1,0
5470,1984,George Orwell,"Orwell, George",,"=""""","=""""",5,4.19,New American Library,Mass Market Paperback,328,1950,1949,,2016/01/17,,,read,A revolutionary book ...,,,1,0
14636655,Das Leben Mohammeds: Reihe ReligioSus Band 9. Herausgegeben und mit einem Vorwort versehen von Christiane Beetz (German Edition),Mohammed Ibn Ishak,"Ishak, Mohammed Ibn",,"=""3863471873""","=""9783863471873""",3,3.00,Severus,Paperback,128,2011,2011,,2016/01/17,,,read,,,,1,0
24515,The Expression of the Emotions in Man and Animals,Charles Darwin,"Darwin, Charles",Amanda Lee,"=""1428023135""","=""9781428023130""",3,4.00,Indypublish.Com,Hardcover,252,2006,1872,,2016/01/17,,,read,,,,1,0
212956,Language and Symbolic Power,Pierre Bourdieu,"Bourdieu, Pierre","Gino Raymond, Matthew Adamson, John Thompson","=""0674510410""","=""9780674510418""",5,4.19,Harvard University Press,Paperback,320,1999,1982,,2016/01/17,,,read,,,,1,0
2638268,Diwan Al Hallaj,Mansur al-Hallaj,"al-Hallaj, Mansur","Louis Massignon, Arini Hidajati","=""9799373034""","=""""",5,4.44,Putra Langit,Paperback,236,2001,1931,,2016/01/17,,,read,,,,1,0
21124,"Le deuxième sexe, I",Simone de Beauvoir,"Beauvoir, Simone de",,"=""""","=""""",5,4.23,Gallimard,Mass Market Paperback,408,1999,1949,,2016/01/17,,,read,,,,1,0
208657,Theological-Political Treatise,Baruch Spinoza,"Spinoza, Baruch","Samuel Shirley, Seymour Feldman, I. Firu","=""0872206076""","=""9780872206076""",4,4.08,"Hackett Publishing Company, Inc.",Paperback,312,2001,1670,,2016/01/17,,,read,,,,1,0
18914,Welcome to the Desert of the Real: Five Essays on September 11 and Related Dates,Slavoj Žižek,"Žižek, Slavoj",,"=""1859844219""","=""9781859844212""",5,3.88,Verso,Paperback,154,2002,2001,,2016/01/17,,,read,,,,1,0
19349085,Les gens heureux lisent et boivent du café,Agnès Martin-Lugand,"Martin-Lugand, Agnès",,"=""""","=""""",5,3.42,Michel Lafon,Kindle Edition,180,2012,2013,,2016/01/17,,,read,,,,1,0
125829,"Vendetta; or, the Story of One Forgotten",Marie Corelli,"Corelli, Marie",,"=""1564599388""","=""9781564599384""",4,3.90,"Kessinger Publishing, LLC",Paperback,412,1996,1890,,2016/01/17,,,read,,,,1,0
143877,Freedom from the Known,J. Krishnamurti,"Krishnamurti, J.",Mary Lutyens,"=""0060648082""","=""9780060648084""",5,4.29,HarperOne ,Paperback,124,2009,1969,,2016/01/17,,,read,,,,1,0
22992179,"Introduction à l'étude de la psychologie: cours de philosophie, logique, psychologie, morale (French Edition)",Hannequin-A,"Hannequin-A, Hannequin-A",Hannequin-A,"=""201280179X""","=""9782012801790""",4,4.00,HACHETTE LIVRE-BNF,Paperback,156,2022,2013,,2016/01/17,,,read,,,,1,0
118317,Anti-Oedipus: Capitalism and Schizophrenia,Gilles Deleuze,"Deleuze, Gilles",Félix Guattari,"=""0816612250""","=""9780816612253""",4,4.16,University of Minnesota Press,Paperback,400,1983,1972,,2016/01/17,,,read,,,,1,0
550840,"The Age of Revolution, 1789–1848",Eric J. Hobsbawm,"Hobsbawm, Eric J.",,"=""0679772537""","=""9780679772538""",4,4.21,Vintage,Paperback,356,1996,1962,,2016/01/17,,,read,,,,1,0
38210,The Art of Happiness,Dalai Lama XIV,"XIV, Dalai Lama",Howard C. Cutler,"=""1573221112""","=""9781573221115""",5,4.17,Riverhead Hardcover,Hardcover,322,1998,1998,,2016/01/17,,,read,,,,1,0
11738494,سلسلة تاريخ الفلسفة,Émile Bréhier,"Bréhier, Émile",جورج طرابيشي,"=""""","=""""",3,3.43,دار الطليعة,Paperback,,1983,1921,,2016/01/17,,,read,,,,1,0
6631107,Le Fanatisme Ou Mahomet Le Prophète: Tragédie,Voltaire,"Voltaire, Voltaire",Jean Humbert,"=""1104245507""","=""9781104245504""",4,3.36,"Kessinger Publishing, LLC",Paperback,140,2009,1741,,2016/01/17,,,read,,,,1,0
1237300,The Shock Doctrine: The Rise of Disaster Capitalism,Naomi Klein,"Klein, Naomi",,"=""0805079831""","=""9780805079838""",5,4.26,Metropolitan Books,Hardcover,558,2007,2007,,2016/01/17,,,read,,,,1,0
134798,"Capitalism, Socialism and Democracy",Joseph A. Schumpeter,"Schumpeter, Joseph A.",,"=""0415107628""","=""9780415107624""",5,4.00,Routledge,Paperback,460,1994,1942,,2016/01/17,,,read,,,,1,0
1544619,Discours sur la première décade de Tite-Live,Nicolas Machiavel,"Machiavel, Nicolas","Alessandro Fontana, Xavier Tabet","=""2070747220""","=""9782070747221""",3,4.07,GALLIMARD,Paperback,575,2004,1531,,2016/01/17,,,read,,,,1,0
967436,The Encyclopaedia Logic: The Encyclopaedia of Philosophical Sciences 1 with the Zusätze,Georg Wilhelm Friedrich Hegel,"Hegel, Georg Wilhelm Friedrich","Theodore F. Geraets, W.A. Suchting, H.S. Harris","=""0872200701""","=""9780872200708""",3,4.20,"Hackett Publishing Company, Inc.",Paperback,381,1991,1812,,2016/01/17,,,read,,,,1,0
6559879,Théorie de la propriété,Pierre-Joseph Proudhon,"Proudhon, Pierre-Joseph",,"=""2738455255""","=""9782738455253""",4,3.67,L'Harmattan ,Paperback,246,,2000,,2016/01/17,,,read,,,,1,0
18074168,La pornocratie ou les femmes dans les temps modernes,Pierre-Joseph Proudhon,"Proudhon, Pierre-Joseph",,"=""""","=""""",2,2.79,"A. Lacroix, Paris",ebook,306,1875,1875,,2016/01/17,,,read,,,,1,0
47862,The Philosophy of Misery: The Evolution of Capitalism,Pierre-Joseph Proudhon,"Proudhon, Pierre-Joseph",,"=""1426408986""","=""9781426408984""",2,3.46,BiblioBazaar,Paperback,372,2006,1846,,2016/01/17,,,read,,,,1,0
238953,Das Kapital,Karl Marx,"Marx, Karl","Friedrich Engels, Serge L. Levitsky","=""089526711X""","=""9780895267115""",4,3.88,Gateway Editions,Paperback,356,1996,1867,,2016/01/17,,,read,,,,1,0
189639,The Poverty of Philosophy,Karl Marx,"Marx, Karl",,"=""1402178549""","=""9781402178542""",5,3.91,Adamant Media Corporation,Paperback,231,2005,1847,,2016/01/17,,,read,,,,1,0
18910,The Parallax View (Short Circuits),Slavoj Žižek,"Žižek, Slavoj",,"=""0262240513""","=""9780262240512""",4,4.00,The MIT Press,Hardcover,448,2006,2006,,2016/01/17,,,read,,,,1,0
18912,The Sublime Object of Ideology,Slavoj Žižek,"Žižek, Slavoj",,"=""0860919714""","=""9780860919711""",5,4.07,Verso,Paperback,256,1989,1989,,2016/01/17,,,read,,,,1,0
26995,Sophist (Hackett Classics),Plato,"Plato, Plato",Nicholas P. White,"=""087220202X""","=""9780872202023""",3,4.08,"Hackett Publishing Company, Inc.",Paperback,112,1993,-360,,2016/01/17,,,read,,,,1,0
811970,Plato: Euthyphro,Plato,"Plato, Plato",Chris Emlyn-Jones,"=""1853991325""","=""9781853991325""",3,3.94,Bristol Classical Press,Paperback,120,1998,-399,,2016/01/17,,,read,,,,1,0
1354,Gorgias,Plato,"Plato, Plato","Chris Emlyn-Jones, Walter Hamilton","=""0140449043""","=""9780140449044""",3,3.95,Penguin Classics,Paperback,208,2004,-380,,2016/01/17,,,read,,,,1,0
73945,Plato: Apology (Greek Edition) (Greek and English Edition),Plato,"Plato, Plato",James J. Helm,"=""0865163480""","=""9780865163485""",3,4.20,Bolchazy-Carducci Publishers,Paperback,127,1997,-399,,2016/01/17,,,read,,,,1,0
308998,"Novum Organum with Other Parts of The Great Instauration (Vol 3, Paul Carus Student Editions)",Francis Bacon,"Bacon, Francis","Peter Urbach, John Gibson","=""0812692454""","=""9780812692457""",4,3.73,Open Court Publishing Company,Paperback,364,1994,,,2016/01/17,,,read,,,,1,0
13061401,رسالة في التسامح,Voltaire,"Voltaire, Voltaire",هنرييت عبودي,"=""""","=""""",3,3.79,دار بترا ,Paperback,191,2009,1763,,2016/01/17,,,read,,,,1,0
1208948,Zadig et autres contes,Voltaire,"Voltaire, Voltaire",,"=""2080720309""","=""9782080720306""",5,3.80,,Mass Market Paperback,192,1996,1747,,2016/01/17,,,read,,,,1,0
19380,Candide,Voltaire,"Voltaire, Voltaire","Rockwell Kent, Walter Jerrold, Don Hagen, Sara Gioacchino Corcos","=""0486266893""","=""9780486266893""",4,3.76,"Dover Publications, Incorporated",Paperback,129,1991,1759,,2016/01/17,,,read,,,,1,0
14942,Mrs. Dalloway,Virginia Woolf,"Woolf, Virginia",Maureen Howard,"=""0151009988""","=""9780151009985""",5,3.79,Harcourt,Hardcover,194,2002,1925,,2016/01/17,,,read,,,,1,0
48855,The Diary of a Young Girl,Anne Frank,"Frank, Anne","Eleanor Roosevelt, Susan Massotty, Γιάννης Θωμόπουλος, Barbara Mooyaart-Doubleday, Otto H. Frank, Mirjam Pressler","=""""","=""""",5,4.19,Bantam,Mass Market Paperback,283,1993,1947,,2016/01/17,,,read,,,,1,0
1885,Pride and Prejudice,Jane Austen,"Austen, Jane",Anna Quindlen,"=""""","=""""",4,4.28,Modern Library,Paperback,279,2000,1813,,2016/01/17,,,read,,,,1,0
22472,Discourse on the Origin of Inequality (Dover Thrift Editions: Philosophy),Jean-Jacques Rousseau,"Rousseau, Jean-Jacques",,"=""0486434141""","=""9780486434148""",5,3.80,Dover Publications,Paperback,73,2004,1755,,2016/01/17,,,read,,,,1,0
722065,Reveries of the Solitary Walker,Jean-Jacques Rousseau,"Rousseau, Jean-Jacques",Peter France,"=""0140443630""","=""9780140443639""",5,3.62,Penguin Classics,Paperback,160,1980,1782,,2016/01/17,,,read,,,,1,0
326679,"Emile, or On Education",Jean-Jacques Rousseau,"Rousseau, Jean-Jacques",Allan Bloom,"=""0465019315""","=""9780465019311""",5,3.58,Basic Books,Paperback,501,1979,1762,,2016/01/17,,,read,,,,1,0
12649,Confessions,Jean-Jacques Rousseau,"Rousseau, Jean-Jacques","Angela Scholar, Patrick Coleman","=""0192822756""","=""9780192822758""",4,3.58,Oxford University Press,Paperback,676,2000,1773,,2016/01/17,,,read,,,,1,0
12651,The Social Contract,Jean-Jacques Rousseau,"Rousseau, Jean-Jacques",,"=""0143037498""","=""9780143037491""",4,3.78,Penguin,Paperback,168,2006,1762,,2016/01/17,,,read,,,,1,0
2823,The Birth of Tragedy,Friedrich Nietzsche,"Nietzsche, Friedrich","Shaun Whiteside, Michael Tanner","=""0140433392""","=""9780140433395""",4,3.98,Penguin Classics,Paperback,121,2003,1871,,2016/01/17,,,read,,,,1,0
132464,Totem and Taboo,Sigmund Freud,"Freud, Sigmund",James Strachey,"=""041525387X""","=""9780415253871""",5,3.85,Routledge,Paperback,224,2001,1913,,2016/01/17,,,read,,,,1,0
85413,Introductory Lectures on Psychoanalysis,Sigmund Freud,"Freud, Sigmund",,"=""0140137912""","=""9780140137910""",4,3.81,Gardners Books,Paperback,560,2004,1917,,2016/01/17,,,read,,,,1,0
132436,The Ego and the Id,Sigmund Freud,"Freud, Sigmund","Peter Gay, James Strachey","=""0393001423""","=""9780393001426""",2,3.82,W.W. Norton & Company (NY),Paperback,87,1960,1923,,2016/01/17,,,read,,,,1,0
93981,The Interpretation of Dreams,Sigmund Freud,"Freud, Sigmund",,"=""1566195764""","=""9781566195768""",3,3.84,Barnes & Noble,Hardcover,630,1994,1899,,2016/01/17,,,read,,,,1,0
357636,Civilization and Its Discontents,Sigmund Freud,"Freud, Sigmund","Peter Gay, James Strachey, محمود بهفروزی","=""0393301583""","=""9780393301588""",5,3.79,W. W. Norton  Company,Paperback,127,1989,1930,,2016/01/17,,,read,I will read more and more ... precious book !,,,1,0
104702,Self-Analysis,Karen Horney,"Horney, Karen",,"=""1406797480""","=""9781406797480""",3,4.08,Hesperides Press,Paperback,312,2006,1942,,2016/01/17,,,read,,,,1,0
159418,Discourse on Method,René Descartes,"Descartes, René","Donald A. Cress, محمود محمد الخضيري","=""0872204227""","=""9780872204225""",4,3.72,"Hackett Publishing Company, Inc.",Paperback,58,1998,1637,,2016/01/17,,,read,,,,1,0
716696,رباعيات خيام,Omar Khayyám,"Khayyám, Omar","E.H. Whinfield, Richard Le Gallienne, قاسم غنی, محمدعلی فروغی, روشنک بحرینی, Edward FitzGerald","=""""","=""""",0,4.18,,Hardcover,184,2007,1120,2016/01/09,2016/01/09,,,read,,,,1,0
28862,The Prince,Niccolò Machiavelli,"Machiavelli, Niccolò","Rufus Goodwin, Benjamin Martinez, W.K. Marriott, Denis Daly, Μαρία Κασωτάκη","=""0937832383""","=""9780937832387""",4,3.83,Dante University Press,Paperback,144,2014,1513,,2015/10/22,,,read,,,,1,0
12321,Beyond Good and Evil,Friedrich Nietzsche,"Nietzsche, Friedrich","Michael Tanner, R.J. Hollingdale","=""014044923X""","=""9780140449235""",5,4.02,Penguin Classics,Paperback,240,2003,1886,,2015/10/22,,,read,,,,1,0
51893,Thus Spoke Zarathustra,Friedrich Nietzsche,"Nietzsche, Friedrich","Walter Kaufmann, Silvia Cecchini, Domenico Ciampoli","=""""","=""""",5,4.07,Penguin Books,Paperback,327,1978,1883,,2015/10/22,,,read,,,,1,0
30289,The Republic,Plato,"Plato, Plato",Desmond Lee,"=""0140449140""","=""9780140449143""",3,3.96,Penguin Classics,Paperback,416,2003,-375,,2015/10/22,,,read,,,,1,0
60080,Groundwork of the Metaphysics of Morals,Immanuel Kant,"Kant, Immanuel","Christine M. Korsgaard, Mary Gregor","=""0521626951""","=""9780521626958""",4,3.83,Cambridge University Press,Paperback,120,1998,1785,,2015/10/22,,,read,,,,1,0
31862,Discourse on Method and Meditations on First Philosophy,René Descartes,"Descartes, René",Donald A. Cress,"=""0872204200""","=""9780872204201""",3,3.76,Hackett Publishing Company,Paperback,103,1999,1637,,2015/10/22,,,read,,,,1,0
18414,Utopia,Thomas More,"More, Thomas",Paul Turner,"=""0140449108""","=""9780140449105""",1,3.55,Penguin Classics,Paperback,163,2003,1516,2015/10/22,2015/07/29,,,read,,,,1,0
196390,What Is Property?,Pierre-Joseph Proudhon,"Proudhon, Pierre-Joseph",,"=""1406942146""","=""9781406942149""",3,3.79,,Paperback,310,2006,1840,,2015/10/22,,,read,,,,1,0
127227,The Human Condition,Hannah Arendt,"Arendt, Hannah",Margaret Canovan,"=""0226025985""","=""9780226025988""",4,4.22,The University of Chicago Press,Paperback,349,1998,1958,,2015/10/22,,,read,,,,1,0
2175,Madame Bovary,Gustave Flaubert,"Flaubert, Gustave","Mark Overstall, Malcolm Bowie, Margaret Mauldon, Eleanor Marx-Aveling","=""0192840398""","=""9780192840394""",4,3.70,Oxford University Press,Paperback,329,2004,1856,,2015/10/22,,,read,,,,1,0
2623,Great Expectations,Charles Dickens,"Dickens, Charles","Kate Flint, Margaret Cardwell","=""0192833596""","=""9780192833594""",3,3.79,Oxford University Press,Paperback,544,1998,1860,,2015/10/22,,,read,,,,1,0
7613,Animal Farm,George Orwell,"Orwell, George","Chris Mould, Αύγουστος Κορτώ, Boris Grabnar, Celâl Üster, Николай Николов, Κυριάκος Ντελόπουλος, Peter Škerl, Pau Masiques, José Manuel Moreno Cidoncha, Τζωρτζ Όργουελ, Celâl Üstüner","=""""","=""""",5,3.98,Plume,Paperback,122,2003,1945,,2015/10/22,,,read,,,,1,0
15831945,الحكماء السبعة,عبد الغفار مكاوي,"مكاوي, عبد الغفار",,"=""9770124206""","=""""",0,3.25,,Paperback,,1990,1990,,2014/11/27,,,read,,,,1,0
